# Redirect domain aliases to primary domain
https://manmeetgill.com/* https://www.hannahi.com/:splat 301!
https://hannahi.com/* https://www.hannahi.com/:splat 301!

# Optional: Redirect default Netlify subdomain to primary domain
https://hannahi.netlify.com/* https://www.hannahi.com/:splat 301!

# Pokemon Go redirects

/PokemonGo/old/global-metadata.dat*	/other/PokemonGo/
/PokemonGo/PokemonGo/old/global-metadata.dat*	/other/PokemonGo/
/PokemonGo/Updates/*	/other/PokemonGo/
/PokemonGo/old/pokemongo.app.zip*	/other/PokemonGo/
/PokemonGo/old/com.nianticlabs.pokemongo.zip*	/other/PokemonGo/
/PokemonGo/PokemonGoStringsFull.html	/other/PokemonGo/PokemonGoStringsFull.html
/PokemonGo/PokemonGoStrings.html	/other/PokemonGo/PokemonGoStrings.html
/PokemonGo/old/PokemonGoStringsFull.html    /other/PokemonGo/PokemonGoStringsFull.html
/PokemonGo/old/PokemonGoStrings.html    /other/PokemonGo/PokemonGoStrings.html
/PokemonGo*	/other/PokemonGo/

#PyHddKeepalive

/PyHDDKeepAlive* /projects/pyhddkeepalive

# Other

/Contact*	/

# Textbooks

/textbooks https://drive.google.com/drive/folders/1h7DpAEn2rzRVMrJPUS7qXffveCAWEYed?usp=sharing 302
